{
  "calibration_time": "2026-04-06 16:13:48",
  "my_color": "Red",
  "map_image": "lab_map_28x15.png",
  "map_w": 2800,
  "map_h": 1500,
  "map_is_portrait": false,
  "H_ground": [
    [
      -0.05511938294284799,
      -0.43743504111974496,
      -178.70938864280893
    ],
    [
      -0.17521590563777723,
      -1.4000191555944648,
      1521.0482160498323
    ],
    [
      -6.1636520751689296e-06,
      -0.0012690634146547198,
      1.0
    ]
  ],
  "H": [
    [
      -0.05511938294284799,
      -0.43743504111974496,
      -178.70938864280893
    ],
    [
      -0.17521590563777723,
      -1.4000191555944648,
      1521.0482160498323
    ],
    [
      -6.1636520751689296e-06,
      -0.0012690634146547198,
      1.0
    ]
  ],
  "pixel_points_ground": [
    [
      2560,
      1593
    ],
    [
      657,
      1331
    ],
    [
      974,
      1028
    ],
    [
      2025,
      1156
    ]
  ],
  "field_points_ground": [
    [
      980,
      1116
    ],
    [
      1150,
      660
    ],
    [
      2196,
      286
    ],
    [
      1660,
      943
    ]
  ]
}