{
  "calibration_time": "2026-04-09 10:45:35",
  "my_color": "Blue",
  "map_image": "std_map.png",
  "map_w": 2800,
  "map_h": 1500,
  "map_is_portrait": false,
  "H_ground": [
    [
      0.13266642268222306,
      -6.301499727346502,
      5754.851862753224
    ],
    [
      0.8091610267367579,
      -0.9723557010972809,
      -1669.2506247333001
    ],
    [
      -2.4033245031901676e-08,
      -0.0021082088995197775,
      1.0
    ]
  ],
  "H": [
    [
      0.13266642268222306,
      -6.301499727346502,
      5754.851862753224
    ],
    [
      0.8091610267367579,
      -0.9723557010972809,
      -1669.2506247333001
    ],
    [
      -2.4033245031901676e-08,
      -0.0021082088995197775,
      1.0
    ]
  ],
  "pixel_points_ground": [
    [
      1081,
      2537
    ],
    [
      3049,
      2225
    ],
    [
      2540,
      1081
    ],
    [
      1974,
      996
    ]
  ],
  "field_points_ground": [
    [
      2320,
      750
    ],
    [
      2130,
      370
    ],
    [
      563,
      520
    ],
    [
      236,
      946
    ]
  ],
  "H_highland": [
    [
      0.20783486218081984,
      -6.847750216572684,
      5900.901873726594
    ],
    [
      0.8254106849464701,
      -0.9895478334998742,
      -1745.6302258085836
    ],
    [
      4.04488989624649e-05,
      -0.002275014419806235,
      0.9999999999999999
    ]
  ],
  "pixel_points_highland": [
    [
      2025,
      1512
    ],
    [
      2444,
      1175
    ],
    [
      1689,
      1334
    ],
    [
      1148,
      1159
    ]
  ],
  "field_points_highland": [
    [
      1710,
      666
    ],
    [
      1040,
      566
    ],
    [
      1466,
      850
    ],
    [
      1130,
      1223
    ]
  ]
}