{
  "calibration_time": "2026-02-28 00:14:47",
  "my_color": "Red",
  "map_image": "pfa_map_2025.jpg",
  "map_w": 2800,
  "map_h": 1500,
  "map_is_portrait": false,
  "H_ground": [
    [
      -0.0472966483195852,
      0.5811399382287834,
      -3405.700317896244
    ],
    [
      -1.6175862375369963,
      -4.009532573846885,
      3287.487458926756
    ],
    [
      -3.307626770008231e-05,
      -0.004167773756408309,
      1.0
    ]
  ],
  "H": [
    [
      -0.0472966483195852,
      0.5811399382287834,
      -3405.700317896244
    ],
    [
      -1.6175862375369963,
      -4.009532573846885,
      3287.487458926756
    ],
    [
      -3.307626770008231e-05,
      -0.004167773756408309,
      1.0
    ]
  ],
  "pixel_points_ground": [
    [
      1906,
      1203
    ],
    [
      914,
      986
    ],
    [
      924,
      583
    ],
    [
      1454,
      524
    ]
  ],
  "field_points_ground": [
    [
      686,
      1133
    ],
    [
      916,
      683
    ],
    [
      2130,
      373
    ],
    [
      2573,
      946
    ]
  ],
  "H_highland": [
    [
      -0.16971512352665136,
      -2.5994463662344223,
      3672.741837338345
    ],
    [
      0.7040355330560907,
      0.7403201666929992,
      -491.9135285186486
    ],
    [
      -0.00019431212274899712,
      0.0005278132871319208,
      1.0
    ]
  ],
  "pixel_points_highland": [
    [
      1026,
      730
    ],
    [
      1244,
      824
    ],
    [
      1408,
      634
    ],
    [
      724,
      774
    ]
  ],
  "field_points_highland": [
    [
      1350,
      650
    ],
    [
      1106,
      833
    ],
    [
      1683,
      913
    ],
    [
      1213,
      466
    ]
  ]
}