{
  "calibration_time": "2026-03-09 20:51:45",
  "my_color": "Red",
  "map_image": "pfa_map_2025.jpg",
  "map_w": 2800,
  "map_h": 1500,
  "map_is_portrait": false,
  "H_ground": [
    [
      -0.033226739277511935,
      0.18223751003408437,
      -2272.6657697566
    ],
    [
      -0.44688601367014075,
      -1.1207853495661024,
      2502.896094256289
    ],
    [
      -8.011668730340197e-06,
      -0.001168995262674523,
      1.0
    ]
  ],
  "H": [
    [
      -0.033226739277511935,
      0.18223751003408437,
      -2272.6657697566
    ],
    [
      -0.44688601367014075,
      -1.1207853495661024,
      2502.896094256289
    ],
    [
      -8.011668730340197e-06,
      -0.001168995262674523,
      1.0
    ]
  ],
  "pixel_points_ground": [
    [
      2043,
      3492
    ],
    [
      4569,
      3135
    ],
    [
      2231,
      1660
    ],
    [
      3492,
      1531
    ]
  ],
  "field_points_ground": [
    [
      550,
      750
    ],
    [
      686,
      1130
    ],
    [
      2133,
      370
    ],
    [
      2580,
      946
    ]
  ],
  "H_highland": [
    [
      -0.10664612182776446,
      -0.16426563619244577,
      41.6544900895891
    ],
    [
      -0.20482699944023727,
      -0.5309883879789381,
      1313.1771307368945
    ],
    [
      -9.484283011194642e-05,
      -0.0005813280558367313,
      1.0
    ]
  ],
  "pixel_points_highland": [
    [
      2971,
      2238
    ],
    [
      2090,
      2207
    ],
    [
      3381,
      1793
    ],
    [
      2479,
      2021
    ]
  ],
  "field_points_highland": [
    [
      1103,
      830
    ],
    [
      1130,
      596
    ],
    [
      1690,
      913
    ],
    [
      1353,
      653
    ]
  ]
}