{
  "calibration_time": "2026-03-15 13:33:34",
  "my_color": "Red",
  "map_image": "lab_map_28x15.png",
  "map_w": 2800,
  "map_h": 1500,
  "map_is_portrait": false,
  "H_ground": [
    [
      -0.49512641040865574,
      0.7164031173470934,
      -1655.1426543388739
    ],
    [
      -0.5203685252047591,
      -1.5425291517851194,
      2006.123042372043
    ],
    [
      -0.00027901824158113386,
      -0.001304378577308201,
      1.0
    ]
  ],
  "H": [
    [
      -0.49512641040865574,
      0.7164031173470934,
      -1655.1426543388739
    ],
    [
      -0.5203685252047591,
      -1.5425291517851194,
      2006.123042372043
    ],
    [
      -0.00027901824158113386,
      -0.001304378577308201,
      1.0
    ]
  ],
  "pixel_points_ground": [
    [
      1238,
      1348
    ],
    [
      938,
      1024
    ],
    [
      2116,
      1480
    ],
    [
      3007,
      1774
    ]
  ],
  "field_points_ground": [
    [
      1180,
      650
    ],
    [
      2320,
      103
    ],
    [
      1080,
      906
    ],
    [
      870,
      1066
    ]
  ]
}