{
  "calibration_time": "2026-03-19 10:48:49",
  "my_color": "Red",
  "map_image": "pfa_map_2025.jpg",
  "map_w": 2800,
  "map_h": 1500,
  "map_is_portrait": false,
  "H_ground": [
    [
      -0.03491024279678175,
      0.177425312162655,
      -2213.71707688501
    ],
    [
      -0.4438912820711407,
      -1.1039685024736139,
      2474.2479736076107
    ],
    [
      -1.7982430053828122e-05,
      -0.0011430613531927146,
      1.0
    ]
  ],
  "H": [
    [
      -0.03491024279678175,
      0.177425312162655,
      -2213.71707688501
    ],
    [
      -0.4438912820711407,
      -1.1039685024736139,
      2474.2479736076107
    ],
    [
      -1.7982430053828122e-05,
      -0.0011430613531927146,
      1.0
    ]
  ],
  "pixel_points_ground": [
    [
      2047,
      3492
    ],
    [
      4561,
      3131
    ],
    [
      3488,
      1523
    ],
    [
      2227,
      1660
    ]
  ],
  "field_points_ground": [
    [
      550,
      756
    ],
    [
      683,
      1130
    ],
    [
      2570,
      940
    ],
    [
      2130,
      370
    ]
  ],
  "H_highland": [
    [
      -0.13451658421277193,
      0.0866543427064701,
      -946.2704477062603
    ],
    [
      -0.3332283112998563,
      -0.7245451497258769,
      1749.8298286779086
    ],
    [
      -0.00011098379810169006,
      -0.0007649571977637531,
      1.0
    ]
  ],
  "pixel_points_highland": [
    [
      2983,
      2238
    ],
    [
      2090,
      2207
    ],
    [
      2590,
      2052
    ],
    [
      3154,
      1778
    ]
  ],
  "field_points_highland": [
    [
      1106,
      830
    ],
    [
      1126,
      593
    ],
    [
      1303,
      700
    ],
    [
      1713,
      830
    ]
  ]
}