{
  "calibration_time": "2026-03-02 00:14:36",
  "my_color": "Red",
  "map_image": "lab_map_28x15.png",
  "map_w": 2800,
  "map_h": 1500,
  "map_is_portrait": false,
  "H_ground": [
    [
      -0.027621527707883172,
      -0.32348803720084557,
      -446.46486626004054
    ],
    [
      -0.17251060772575477,
      -1.2928466262787592,
      1411.01850397968
    ],
    [
      3.96800846522237e-05,
      -0.0013440695549335666,
      1.0
    ]
  ],
  "H": [
    [
      -0.027621527707883172,
      -0.32348803720084557,
      -446.46486626004054
    ],
    [
      -0.17251060772575477,
      -1.2928466262787592,
      1411.01850397968
    ],
    [
      3.96800846522237e-05,
      -0.0013440695549335666,
      1.0
    ]
  ],
  "pixel_points_ground": [
    [
      2784,
      1766
    ],
    [
      1905,
      1476
    ],
    [
      1008,
      1344
    ],
    [
      2042,
      1196
    ],
    [
      727,
      1021
    ]
  ],
  "field_points_ground": [
    [
      866,
      1070
    ],
    [
      1076,
      910
    ],
    [
      1186,
      653
    ],
    [
      1690,
      926
    ],
    [
      2320,
      100
    ]
  ]
}