{
  "calibration_time": "2026-04-11 17:52:06",
  "my_color": "Red",
  "map_image": "pfa_map_2025.jpg",
  "map_w": 2800,
  "map_h": 1500,
  "map_is_portrait": false,
  "H_ground": [
    [
      -0.03338860304886175,
      0.20903863258126648,
      -2426.063258218104
    ],
    [
      -0.4710488623923228,
      -1.151061268756169,
      2579.087369335737
    ],
    [
      -1.1572660212327325e-05,
      -0.0012002010142361213,
      1.0
    ]
  ],
  "H": [
    [
      -0.03338860304886175,
      0.20903863258126648,
      -2426.063258218104
    ],
    [
      -0.4710488623923228,
      -1.151061268756169,
      2579.087369335737
    ],
    [
      -1.1572660212327325e-05,
      -0.0012002010142361213,
      1.0
    ]
  ],
  "pixel_points_ground": [
    [
      1577,
      3230
    ],
    [
      4565,
      3127
    ],
    [
      2231,
      1656
    ],
    [
      3492,
      1520
    ]
  ],
  "field_points_ground": [
    [
      623,
      650
    ],
    [
      686,
      1130
    ],
    [
      2126,
      373
    ],
    [
      2573,
      943
    ]
  ],
  "H_highland": [
    [
      -0.09008892908976887,
      0.10807836583408123,
      -1464.5407771658154
    ],
    [
      -0.3649763718911966,
      -0.9204923043073527,
      2033.297820771979
    ],
    [
      -4.5708364207340295e-05,
      -0.0009869837352173847,
      1.0
    ]
  ],
  "pixel_points_highland": [
    [
      3445,
      2204
    ],
    [
      1675,
      1793
    ],
    [
      1710,
      1546
    ],
    [
      4565,
      1501
    ]
  ],
  "field_points_highland": [
    [
      1153,
      940
    ],
    [
      1680,
      270
    ],
    [
      2403,
      23
    ],
    [
      2483,
      1470
    ]
  ]
}