{
  "calibration_time": "2026-04-10 19:05:11",
  "my_color": "Red",
  "map_image": "pfa_map_2025.jpg",
  "map_w": 2800,
  "map_h": 1500,
  "map_is_portrait": false,
  "H_ground": [
    [
      -0.03416220238574722,
      0.18704105238591767,
      -2268.701168846354
    ],
    [
      -0.4544558039045725,
      -1.1024648738934706,
      2485.2546022797405
    ],
    [
      -2.1131585576196783e-05,
      -0.0011504841376606778,
      1.0
    ]
  ],
  "H": [
    [
      -0.03416220238574722,
      0.18704105238591767,
      -2268.701168846354
    ],
    [
      -0.4544558039045725,
      -1.1024648738934706,
      2485.2546022797405
    ],
    [
      -2.1131585576196783e-05,
      -0.0011504841376606778,
      1.0
    ]
  ],
  "pixel_points_ground": [
    [
      1769,
      2929
    ],
    [
      4561,
      3135
    ],
    [
      2227,
      1660
    ],
    [
      3488,
      1516
    ]
  ],
  "field_points_ground": [
    [
      740,
      643
    ],
    [
      680,
      1126
    ],
    [
      2126,
      373
    ],
    [
      2573,
      943
    ]
  ],
  "H_highland": [
    [
      0.08623701006507252,
      -1.0093153362132046,
      2220.447923226989
    ],
    [
      0.18266156536697073,
      -0.3259984056858208,
      348.79566471779384
    ],
    [
      6.034373991897439e-05,
      -0.00043856439088214405,
      1.0
    ]
  ],
  "pixel_points_highland": [
    [
      2988,
      2238
    ],
    [
      1419,
      1759
    ],
    [
      3381,
      1786
    ],
    [
      5117,
      1877
    ]
  ],
  "field_points_highland": [
    [
      1103,
      830
    ],
    [
      1806,
      110
    ],
    [
      1686,
      913
    ],
    [
      1580,
      1383
    ]
  ]
}