{
  "calibration_time": "2026-02-11 17:36:06",
  "my_color": "Blue",
  "H_ground": [
    [
      -0.028280118989638153,
      0.09304433946577119,
      44.27645932511326
    ],
    [
      0.008296537606753921,
      0.08113463036596852,
      -37.67986191788667
    ],
    [
      2.4556826110432618e-05,
      0.004362047099867783,
      1.0
    ]
  ],
  "H": [
    [
      -0.028280118989638153,
      0.09304433946577119,
      44.27645932511326
    ],
    [
      0.008296537606753921,
      0.08113463036596852,
      -37.67986191788667
    ],
    [
      2.4556826110432618e-05,
      0.004362047099867783,
      1.0
    ]
  ],
  "pixel_points_ground": [
    [
      792,
      1328
    ],
    [
      490,
      851
    ],
    [
      2534,
      583
    ],
    [
      2128,
      368
    ]
  ],
  "field_points_ground": [
    [
      21.35,
      11.25
    ],
    [
      23.2,
      7.5
    ],
    [
      7.45,
      8.5
    ],
    [
      6.9,
      3.7
    ]
  ],
  "H_highland": [
    [
      -0.021476445343833694,
      0.06421252341616689,
      36.10276098771004
    ],
    [
      0.004707168940333194,
      0.056478363004976606,
      -22.74984640068579
    ],
    [
      -0.00012521899313660962,
      0.0030392393457325316,
      1.0
    ]
  ],
  "pixel_points_highland": [
    [
      1822,
      1216
    ],
    [
      1434,
      725
    ],
    [
      2018,
      525
    ],
    [
      1722,
      371
    ]
  ],
  "field_points_highland": [
    [
      16.8,
      12.2
    ],
    [
      17.15,
      8.25
    ],
    [
      11.3,
      7.0
    ],
    [
      12.0,
      3.3
    ]
  ]
}